{
  "_doc": "Per-fixture node-size ratchet for the state DOT-parity suite (decisions.md#d4, A4). Same convention as oracle/goldens/object/size-backlog.json: structurally EQUAL fixtures whose maxSizeDeltaIn (inches, max across their svek-N graphs) is not yet 0; the test asserts delta <= pinned + 1e-6 per graph, so deltas only shrink. Phase L size iterations drive entries to 0 and DELETE them (absent slug = 0 required). Captured 2026-07-11 at ratchet creation.",
  "bajelo-54-dixe684": 0.944445,
  "beguxu-19-tize774": 0.0208330000000001,
  "bemena-23-zebu249": 0.2312719999999997,
  "bitaxo-18-tamo974": 0.1388879999999999,
  "bujuta-44-rovo666": 0.5,
  "bunade-42-fudu910": 0.07362100000000016,
  "cekolo-21-gini183": 0.16666700000000012,
  "corumi-91-mizo869": 1.1065970000000003,
  "cupesu-59-sajo991": 0.5430999999999999,
  "dajipi-09-doki542": 0.12968800000000003,
  "dapunu-39-kava045": 0.028230999999999895,
  "darime-88-moda428": 0.3472219999999999,
  "decede-10-buvu414": 0.013887999999999678,
  "dogeji-46-sapo750": 0.13888899999999982,
  "domoru-86-coki670": 3.500000000000725e-05,
  "dulixa-11-kufe247": 0.07133699999999976,
  "duzazu-41-telu529": 0.31180500000000055,
  "fadupe-90-koti079": 0.06616200000000005,
  "fakali-52-zuje420": 0.1666660000000002,
  "fatupo-62-bemu777": 0.7691840000000001,
  "feziva-71-gufo538": 0.03541700000000003,
  "fibudu-53-bode309": 0.3888880000000001,
  "fimivu-15-vogi904": 0.18055599999999994,
  "fojisi-40-zogo372": 0.07133699999999976,
  "fomusu-59-fupe538": 0.18517399999999995,
  "fotuje-06-fifa085": 2.8249180000000003,
  "fovafu-44-mifu394": 1.199723,
  "gedude-95-subi666": 0.19444399999999995,
  "gifasa-23-zile558": 0.06616200000000005,
  "giniti-22-fexo000": 10.000035,
  "gokife-89-boja382": 0.013889000000000706,
  "gupeto-19-mesa256": 1.1065970000000003,
  "jafazu-60-leca675": 6.183332999999999,
  "jaxebo-54-nifi592": 0.25846500000000017,
  "jelusa-98-nexa591": 6.899999999987472e-05,
  "jetuse-93-gopi146": 0.5277780000000001,
  "jijuze-43-ceva131": 0.01388899999999993,
  "joleju-94-maru748": 0.46223999999999954,
  "jorere-75-peja265": 0.2312719999999997,
  "juvagu-33-dupa212": 0.48984399999999995,
  "kejabo-83-vinu490": 0.060921,
  "ketibo-84-juzo029": 0.2312719999999997,
  "kinuca-03-nice683": 0.546875,
  "kubona-45-boso556": 5.185591,
  "kujaju-47-neku764": 0.06979199999999985,
  "kujuzo-76-bavi505": 0.13585099999999994,
  "labono-83-nega255": 0.18533,
  "laferu-31-tice836": 0.604166,
  "lalava-26-zosi801": 5.199999999994098e-05,
  "lasasi-13-nona547": 3.400000000031156e-05,
  "livuni-63-fira764": 0.1666660000000002,
  "lojeju-04-fadu517": 0.2916669999999999,
  "lokija-02-dipe348": 1.189757,
  "lonuti-97-voko521": 3.400000000031156e-05,
  "lumamo-63-zupa263": 0.5430989999999998,
  "mefici-97-tudu030": 0.3013889999999999,
  "mifuti-36-jine785": 0.25846500000000017,
  "mimaga-15-doze740": 0.5,
  "mosigo-88-rove013": 0.07362100000000016,
  "movuva-53-jude799": 0.03317700000000001,
  "mujipe-99-fume794": 0.03541700000000003,
  "nijugi-19-jazi166": 0.5,
  "nimana-36-veco708": 0.09027800000000008,
  "nimise-04-jove070": 0.21540999999999988,
  "niveno-60-tiro789": 0.223958,
  "nixoja-06-guxe431": 0.03541700000000003,
  "nuboca-13-xape657": 0.07133699999999976,
  "nuvura-69-mafe604": 0.2916669999999999,
  "pacami-67-dafe414": 0.013887999999999678,
  "pajefo-95-neri955": 0.2312719999999997,
  "papifi-44-caxo706": 1.9043400000000001,
  "pasosa-28-zudu135": 0.03317700000000001,
  "pavuzo-79-zodu430": 0.21527799999999986,
  "pebepi-32-cati486": 0.018616999999999884,
  "pesita-10-dene726": 0.19579199999999997,
  "pexuve-81-suxi717": 0.19305600000000012,
  "rejike-58-rote606": 6.183333,
  "resido-15-reza040": 0.13888900000000004,
  "rijoki-89-teno556": 0.03576400000000002,
  "rinisi-79-peko570": 0.5,
  "rovado-96-boda672": 1.635417,
  "rovese-43-tadu368": 0.6388889999999998,
  "soxene-95-domu248": 3.400000000031156e-05,
  "sumiri-68-suvo696": 0.25,
  "taxile-56-goca422": 0.018616999999999884,
  "tegali-39-molu382": 5.199999999994098e-05,
  "tigibi-80-zidi137": 0.018616999999999884,
  "tofezi-64-koda860": 0.013887999999999678,
  "tubojo-49-tudu915": 0.08038200000000006,
  "tumaba-64-tosu281": 0.22916699999999945,
  "viguto-81-gana093": 0.13888900000000004,
  "vixobo-14-jole910": 0.3888889999999998,
  "xasoka-58-temi462": 0.213889,
  "xepafa-33-lazi826": 0.2312719999999997,
  "xeziki-47-zomo866": 2.4678820000000004,
  "xodazu-26-cube992": 0.11944499999999997,
  "xojudi-20-keco020": 0.013887999999999678,
  "zacajo-09-tamu628": 0.14441900000000008,
  "zitifa-97-bizo337": 0.2312719999999997,
  "zizemo-86-gisa766": 0.2916669999999999,
  "zonuni-64-jovo214": 0.03317700000000001,
  "zoriza-41-rege543": 0.5397570000000003
}
