{
  "_doc": "Per-fixture node-size ratchet for the state DOT-parity suite (decisions.md#d4, A4). Same convention as oracle/goldens/object/size-backlog.json: structurally EQUAL fixtures whose maxSizeDeltaIn (inches, max across their svek-N graphs) is not yet 0; the test asserts delta <= pinned + 1e-6 per graph, so deltas only shrink. Phase L size iterations drive entries to 0 and DELETE them (absent slug = 0 required). Captured 2026-07-11 at ratchet creation.",
  "bajelo-54-dixe684": 1.194445,
  "beguxu-19-tize774": 0.05555500000000002,
  "bemena-23-zebu249": 0.2312719999999997,
  "bitaxo-18-tamo974": 0.1388879999999999,
  "bujuta-44-rovo666": 0.5,
  "bunade-42-fudu910": 0.07362100000000016,
  "cekolo-21-gini183": 0.16666700000000012,
  "cesifo-37-rugu443": 0.0556,
  "corumi-91-mizo869": 1.1065970000000003,
  "coteta-47-mare883": 0.05555599999999994,
  "cupesu-59-sajo991": 0.7222219999999999,
  "dajipi-09-doki542": 0.12968800000000003,
  "dapuko-98-zuzo096": 0.05555599999999994,
  "dapunu-39-kava045": 0.13934200000000008,
  "darime-88-moda428": 0.47222300000000006,
  "decede-10-buvu414": 0.11107699999999987,
  "dogeji-46-sapo750": 0.13888899999999982,
  "domoru-86-coki670": 0.5871530000000001,
  "dulixa-11-kufe247": 0.07133699999999976,
  "duzazu-41-telu529": 0.3395830000000002,
  "fadupe-90-koti079": 0.083386,
  "fakali-52-zuje420": 0.1666660000000002,
  "fatupo-62-bemu777": 0.7691840000000001,
  "feziva-71-gufo538": 0.03541700000000003,
  "fibudu-53-bode309": 0.3888880000000001,
  "figiza-55-migo973": 0.05555600000000016,
  "fimivu-15-vogi904": 0.9166669999999999,
  "fojisi-40-zogo372": 0.07133699999999976,
  "fomusu-59-fupe538": 0.18517399999999995,
  "fonono-53-roci689": 0.04166599999999976,
  "fovafu-44-mifu394": 1.574723,
  "gedude-95-subi666": 0.19444399999999995,
  "gifasa-23-zile558": 0.083386,
  "giniti-22-fexo000": 10.277812,
  "gojuja-90-pune699": 0.0278,
  "gokaka-17-pati662": 0.05555500000000002,
  "gokife-89-boja382": 0.11111100000000107,
  "gupeto-19-mesa256": 1.1065970000000003,
  "jafazu-60-leca675": 6.183332999999999,
  "jaxebo-54-nifi592": 0.283976,
  "jelusa-98-nexa591": 0.055486000000000146,
  "jetuse-93-gopi146": 0.8611120000000001,
  "jijuze-43-ceva131": 0.01388899999999993,
  "joleju-94-maru748": 5.916667,
  "jorere-75-peja265": 0.26844800000000024,
  "judova-36-kana429": 0.05555500000000002,
  "juvagu-33-dupa212": 0.48984399999999995,
  "kejabo-83-vinu490": 0.060921,
  "kenuci-20-cane702": 0.11111099999999996,
  "ketibo-84-juzo029": 0.26844800000000024,
  "kinuca-03-nice683": 0.546875,
  "kubona-45-boso556": 5.185591,
  "kujaju-47-neku764": 0.06979199999999985,
  "kujuzo-76-bavi505": 0.13585099999999994,
  "labono-83-nega255": 0.18533,
  "laferu-31-tice836": 0.604166,
  "lalava-26-zosi801": 0.75,
  "lasasi-13-nona547": 0.11107699999999987,
  "leloja-87-tebi184": 0.05555600000000105,
  "livuni-63-fira764": 0.1666660000000002,
  "lojeju-04-fadu517": 0.5833339999999998,
  "lokija-02-dipe348": 1.189757,
  "lonuti-97-voko521": 0.11107699999999987,
  "lumamo-63-zupa263": 0.7222219999999999,
  "maruju-55-soko478": 0.05555500000000002,
  "mazize-40-paxi649": 0.05555500000000002,
  "mazuzu-54-mene929": 0.04166700000000012,
  "mefici-97-tudu030": 0.3013889999999999,
  "mibabe-49-kexu237": 0.05555500000000002,
  "mifuti-36-jine785": 0.283976,
  "mimaga-15-doze740": 0.5,
  "mosigo-88-rove013": 0.07362100000000016,
  "movuva-53-jude799": 0.08873200000000003,
  "mujipe-99-fume794": 0.03541700000000003,
  "nelupe-49-xova546": 1.555555,
  "nibelu-74-pido796": 0.05555500000000002,
  "nijugi-19-jazi166": 0.5,
  "nimana-36-veco708": 0.13194499999999998,
  "nimise-04-jove070": 0.21540999999999988,
  "nivanu-50-zajo916": 1.3611120000000003,
  "niveno-60-tiro789": 0.224,
  "nixoja-06-guxe431": 0.03541700000000003,
  "noboda-97-zevo886": 0.05555500000000002,
  "nuboca-13-xape657": 0.07133699999999976,
  "nuduni-60-mupe742": 0.02777800000000008,
  "nufigo-87-pivi558": 0.0278,
  "nuvura-69-mafe604": 0.5833339999999998,
  "pacami-67-dafe414": 0.11107699999999987,
  "pajefo-95-neri955": 0.2312719999999997,
  "papifi-44-caxo706": 1.9043400000000001,
  "pasosa-28-zudu135": 0.08873200000000003,
  "pavuzo-79-zodu430": 0.2708329999999999,
  "pebepi-32-cati486": 0.0741719999999999,
  "pesita-10-dene726": 0.19579199999999997,
  "pevene-26-kebo361": 1.5416660000000002,
  "pexiku-77-japi217": 0.16666599999999976,
  "pexuve-81-suxi717": 0.19305600000000012,
  "pifido-37-jipu349": 0.05555500000000002,
  "rejike-58-rote606": 6.183333,
  "resido-15-reza040": 0.13888900000000004,
  "rifefi-73-rofo730": 0.05555500000000002,
  "rijoki-89-teno556": 0.03576400000000002,
  "rinisi-79-peko570": 0.5,
  "rovado-96-boda672": 1.635417,
  "rovese-43-tadu368": 1.055555,
  "sapelo-46-jafe280": 1.444445,
  "semala-31-joji042": 0.75,
  "sizife-41-buje191": 0.16666599999999976,
  "soxene-95-domu248": 0.11107699999999987,
  "sumiri-68-suvo696": 0.2916670000000001,
  "taxile-56-goca422": 0.0741719999999999,
  "tegali-39-molu382": 0.75,
  "tigibi-80-zidi137": 0.0741719999999999,
  "tilili-10-buca517": 0.05555500000000002,
  "titika-34-xoze301": 0.694445,
  "tofezi-64-koda860": 0.11107699999999987,
  "tubojo-49-tudu915": 0.0804,
  "tumaba-64-tosu281": 0.256945,
  "vagexa-37-gijo825": 0.05555500000000002,
  "vedapo-96-xoro464": 0.05555500000000002,
  "viguto-81-gana093": 0.13888900000000004,
  "vixobo-14-jole910": 0.3888889999999998,
  "xasoka-58-temi462": 1.7732640000000002,
  "xepafa-33-lazi826": 0.2312719999999997,
  "xeziki-47-zomo866": 2.4678820000000004,
  "xixuxo-57-beju714": 0.05555500000000002,
  "xodazu-26-cube992": 0.11944499999999997,
  "xojudi-20-keco020": 0.11107699999999987,
  "xomize-22-poro350": 0.05555599999999994,
  "xupefu-98-roni234": 0.027777999999999636,
  "zacajo-09-tamu628": 1.6041669999999995,
  "zebuzu-41-caro961": 0.02777699999999994,
  "zepodi-66-moda518": 0.05555500000000002,
  "zitifa-97-bizo337": 0.26844800000000024,
  "zizemo-86-gisa766": 0.5088539999999999,
  "zonuni-64-jovo214": 0.08873200000000003,
  "zoriza-41-rege543": 0.8263890000000003
}
